"","addresses"
"1","2750 Las Amigas Road, Napa, CA"
"2","7227 Pope Valley Road , Pope Valley, CA"
"3","3244 Elhlers Lane, St. Helena, CA"
"4","Hwy 29 at 1155 Mee Lane , Rutherford, CA"
"5","1700 Wooden Valley Road, Napa, CA"
"6","4380 Dale Drive, Napa, CA"
"7","1339 Pearl St. Suite #201, Napa, CA"
"8","1099 Greenfield Rd, St. Helena, CA"
"9","4047 E. Third Ave, Napa, CA"
"10","680 Rossi Road, St. Helena, CA"
"11","4011 Spring Mountain Road, St. Helena, CA"
"12","4162 Big Ranch Road , Napa, CA"
"13","836 Chiles Avenue, St. Helena, CA"
"14","742 Sunnyside Road, St. Helena, CA"
"15","1455 Inglewood Avenue , St. Helena, CA"
"16","1345 Henry Road , Napa, CA"
"17","3299 Bennett Lane , Calistoga, CA"
"18","3700 Soda Canyon Road , Napa, CA"
"19","1307-B Lincoln Avenue, Calistoga, CA"
"20","6236 Silverado Trail, Yountville, CA"
"21","2820 St. Helena Highway N, St. Helena, CA"
"22","4411 Silverado Trail , Calistoga, CA"
"23","4070 Spring Mountain Road , St. Helena, CA"
"24","1960 St. Helena Highway , Rutherford, CA"
"25","6200 Washington Street, Yountville, CA"
"26","929 Main Street, St. Helena, CA"
"27","1010 Big Tree Road, St. Helena, CA"
"28","3340 Highway 128 , Calistoga, CA"
"29","2000 Main St , St. Helena, CA"
"30","1075 Shadybrook Lane, Napa, CA"
"31","4089 Silverado Trail, Napa, CA"
"32","3277 Dry Creek Road, Napa, CA"
"33","1075 Buchli Station Road , Napa, CA"
"34","975 First Street, Napa, CA"
"35","190 Camino Oruga Ste. 5, Napa, CA"
"36","4042 Big Ranch Road, Napa, CA"
"37","330 Stone Ridge Road, Angwin, CA"
"38","975 Deer Park Road , St. Helena, CA"
"39","820 Greenfield Road , St. Helena, CA"
"40","1108 Deer Park Road , St. Helena, CA"
"41","2515 Napa Valley Corp. Dr, Napa, CA"
"42","360 Howell Mountain Road, Angwin, CA"
"43","Winery Address N/A, St. Helena, CA"
"44","3800 Langtry Road , St. Helena, CA"
"45","8300 St. Helena Highway , Rutherford, CA"
"46","629 Fulton Lane, St. Helena, CA"
"47","270 Kruezer Lane, Napa, CA"
"48","Silverado Trail, Calistoga, CA"
"49","Main Street, St. Helena, CA"
"50","1016 Dunaweal Lane, Calistoga, CA"
"51","7600 St. Helena Highway , Oakville, CA"
"52","708 1st Street, Napa, CA"
"53","1170 Tubbs Lane, Calistoga, CA"
"54","3451 Silverado Trail , St. Helena, CA"
"55","4045 North St Helena Hwy , Calistoga, CA"
"56","8700 Conn Creek Road, Rutherford, CA"
"57","1016 Las Amigas Road , Napa, CA"
"58","1581 Sage Canyon Road, St. Helena, CA"
"59","2800 Main Street, St. Helena, CA"
"60","1636 Scott Street, St. Helena, CA"
"61","2252 Sulphur Springs, St. Helena, CA"
"62","3468 Silverado Trail, St. Helena, CA"
"63","1429 Tubbs Lane , Calistoga, CA"
"64","5350 Silverado Trail , Napa, CA"
"65","1473 Yountville Cross Road , Yountville, CA"
"66","5330 Silverado Trail , Napa, CA"
"67","1060 Dunaweal Lane , Calistoga, CA"
"68","8711 Silverado Trail , St. Helena, CA"
"69","2121 Diamond Mountain Rd, Calistoga, CA"
"70","987 St. Helena Highway, St. Helena, CA"
"71","7415 St. Helena Highway , Yountville, CA"
"72","1832 Soscal Ave Suite 115, Napa, CA"
"73","1221 Duhig Road , Napa, CA"
"74","4550 Silverado Trail N, St. Helena, CA"
"75","1860 Howell Mountain Rd, St. Helena, CA"
"76","4240 Silverado Trail , Napa, CA"
"77","1521 Sage Canyon Road, St. Helena, CA"
"78","825 Fulton Lane, St. Helena, CA"
"79","1333 Bella Oaks Lane, Napa, CA"
"80","1445 Highway 29, St. Helena, CA"
"81","11055 Atlas Peak Road, Napa, CA"
"82","908 Enterprise Way #C, Napa, CA"
"83","1391 Diamond Mtn. Road, Calistoga, CA"
"84","1 California Drive, Yountville, CA"
"85","4001 Spring Mountain Road, St. Helena, CA"
"86","1240 Duhig Rd, Napa, CA"
"87","1000 Lodi Lane, Calistoga, CA"
"88","4310 Silverado Trail, Calistoga, CA"
"89","680 Rossi Road, St. Helena, CA"
"90","3222 Ehlers Lane , St. Helena, CA"
"91","3781 Silverado Trail, St. Helena, CA"
"92","4500 Atlas Peak Road, Napa, CA"
"93","1165 Rutherford Road , Rutherford, CA"
"94","200 Polson Road, Napa, CA"
"95","2100 Hoffman Lane, Napa, CA"
"96","1170 Tubbs Lane, Calistoga, CA"
"97","4078 Spring Mountain Rd., St. Helena, CA"
"98","1250 Cuttings Wharf Road, Napa, CA"
"99","3530 Silverado Trail, St. Helena, CA"
"100","1606 Main Street #206, Napa, CA"
"101","1350 Acacia Drive , Oakville, CA"
"102","2222 North Third Avenue , Napa, CA"
"103","270 Kruezer Lane, Napa, CA"
"104","950 Galleron Lane , Rutherford, CA"
"105","1978 West Zinfandel Lane, St. Helena, CA"
"106","677 S. St. Helena Hwy, St. Helena, CA"
"107","1600 Aetna Springs Road, Pope Valley, CA"
"108","8350 St. Helena Highway, Rutherford, CA"
"109","7481 St. Helena Highway , Oakville, CA"
"110","1285 Dealy Lane, Napa, CA"
"111","1721 Partrick Road, Napa, CA"
"112","1501 Big Rock Road, St. Helena, CA"
"113","1178 Galleron Road , St. Helena, CA"
"114","1091 Larkmead Lane , Calistoga, CA"
"115","2055 Hoffman Lane, Yountville, CA"
"116","70 Rapp Lane, Napa, CA"
"117","3022 St Helena Highway N, St. Helena, CA"
"118","3125 North St. Helena Hwy, St. Helena, CA"
"119","8815 Conn Creek Road, Rutherford, CA"
"120","1535 Sage Canyon Road, St. Helena, CA"
"121","575 Oakville Crossroad, Napa, CA"
"122","6795 Washington Street, Yountville, CA"
"123","3655 Mount Veeder Rd, Napa, CA"
"124","1119 State Lane, Yountville, CA"
"125","1829 St. Helena Highway , Rutherford, CA"
"126","750 Oakville Cross Road, Oakville, CA"
"127","3851 Spring Mountain Rd, St. Helena, CA"
"128","1146 First St, Napa, CA"
"129","4160 Silverado Trail , Napa, CA"
"130","401 St. Helena Highway S, St. Helena, CA"
"131","56 Auberge Road, Rutherford, CA"
"132","5795 Silverado Trail, Napa, CA"
"133","588 Trancas Street, Napa, CA"
"134","1241 Adams St. #1043, St. Helena, CA"
"135","436 St. Helena Highway S, St. Helena, CA"
"136","3500 Highway 128, Calistoga, CA"
"137","3104 Redwood Road, Napa, CA"
"138","4411 Redwood Road, Napa, CA"
"139","6548 Washington Street, Yountville, CA"
"140","6512 Washington Street, Yountville, CA"
"141","850 Rutherford Road , Rutherford, CA"
"142","6540 Washington Street, Yountville, CA"
"143","6204 Washington Street, Yountville, CA"
"144","5225 Solano Avenue, Napa, CA"
"145","6275 Silverado Trail , Napa, CA"
"146","1991 St. Helena Highway, St. Helena, CA"
"147","5014 Silverado Trail, Napa, CA"
"148","2249 James Creek Road, Pope Valley, CA"
"149","2970 Monticello Rd, Napa, CA"
"150","3292 Old Lawley Toll Road, Calistoga, CA"
"151","6740 Washington Street, Yountville, CA"
"152","200 Taplin Road, St. Helena, CA"
"153","2332 Silverado Trail, Napa, CA"
"154","2900 Spring Mountain Rd, St. Helena, CA"
"155","1001 State Lane, Yountville, CA"
"156","1250 Las Posadas Road, Angwin, CA"
"157","360 Zinfandel Lane, St. Helena, CA"
"158","1094 Hardman Ave, Napa, CA"
"159","3267 Soda Canyon Road, Napa, CA"
"160","2470 Sage Canyon Road, St. Helena, CA"
"161","1102 Las Posadas Road, Angwin, CA"
"162","50 White Cottage Road S, Angwin, CA"
"163","5055 Solano Avenue, Napa, CA"
"164","Summit Lake Drive, Angwin, CA"
"165","1100 Larkmead Lane, Calistoga, CA"
"166","1245 Main St, Napa, CA"
"167","4225 Solano Ave Ste. 633, Napa, CA"
"168","410 Lafata Street #203, St. Helena, CA"
"169","7600 Saint Helena Hwy, Oakville, CA"
"170","1775 Whitehall Lane, St. Helena, CA"
"171","254 South St. Helena Hwy, St. Helena, CA"
"172","2921 Silverado Trail, Napa, CA"
"173","5400 Old Sonoma Road, Napa, CA"
"174","3718 N St. Helena Highway, St. Helena, CA"
"175","3070 Lawley-Old Toll Road, Calistoga, CA"
"176","710 First Street, Napa, CA"
"177","2812 St. Helena Highway N, St. Helena, CA"
"178","3600 White Sulphur Springs Rd, St. Helena, CA"
"179","714 First St, Napa, CA"
"180","1155 Lokoya Road, Napa, CA"
"181","2530 Las Amigas Road, Napa, CA"
"182","1000 Main St, St. Helena, CA"
"183","2993 Brookwood Drive, Napa, CA"
"184","107 Lilac Lane, St. Helena, CA"
"185","1091 St. Helena Hwy. S, St. Helena, CA"
"186","7850 Silverado Trail, Oakville, CA"
"187","5225 Solano Avenue, Napa, CA"
"188","1521 Sage Canyon Road, St. Helena, CA"
"189","4242 Big Ranch Road, Napa, CA"
"190","Rockland Road, St. Helena, CA"
"191","6015 Steele Canyon Road, Napa, CA"
"192","8445 Silverado Trail, Napa, CA"
"193","2812 St. Helena Highway N, St. Helena, CA"
"194","1 Executive Way, Napa, CA"
"195","2277 Napa Vallejo Highway, Napa, CA"
"196","7830-40 St. Helena Hwy, Oakville, CA"
"197","716 Liparita Road, Angwin, CA"
"198","2555 Madrona Ave, St. Helena, CA"
"199","2153 Sage Canyon Road, St. Helena, CA"
"200","8164 St. Helena Highway , Oakville, CA"
"201","7781 Silverado Trail, Oakville, CA"
"202","1200 Orchard Ave, Napa, CA"
"203","5998 Silverado Trail, Napa, CA"
"204","974 Lincoln Street, Napa, CA"
"205","7900 St. Helena Highway, Oakville, CA"
"206","116 E. First Street, Napa, CA"
"207","Call for directions, Angwin, CA"
"208","2075 Summit Lake Drive, Angwin, CA"
"209","4029 Hagen Road, Napa, CA"
"210","4013 Spring Mountain Road, St. Helena, CA"
"211","4501 Silverado Trail, Calistoga, CA"
"212","1277 Dwyer Road, Oakville, CA"
"213","7257 Silverado Trail, Napa, CA"
"214","2431 Soda Canyon Road, Napa, CA"
"215","851 Napa Vly Corp Way #A, Napa, CA"
"216","3100 Spring Mountain Rd., St. Helena, CA"
"217","8466 St. Helena Highway, St. Helena, CA"
"218","1531 Atlas Peak Road, Napa, CA"
"219","8060 Silverado Trail, Napa, CA"
"220","5901 Silverado Trail, Napa, CA"
"221","620 Oakville Cross Road, Oakville, CA"
"222","855 Bordeaux Way St. 860, Napa, CA"
"223","6613 Pope Valley Road, Pope Valley, CA"
"224","1281Lewelling Ln, St. Helena, CA"
"225","4026 Spring Mountain Road, St. Helena, CA"
"226","1695 St Helena Hwy, St. Helena, CA"
"227","451 Gateway Road West, Napa, CA"
"228","1601 Silverado Trail, Rutherford, CA"
"229","6126 Silverado Trail, Napa, CA"
"230","849 Zinfandel Lane, St. Helena, CA"
"231","3108 Silverado Trail, Napa, CA"
"232","1 Kirkland Ranch Road, Napa, CA"
"233","1185 Starr Ave, St. Helena, CA"
"234","5584 Silverado Trail, Napa, CA"
"235","1020 Borrette Lane, Napa, CA"
"236","2930 St. Helena Highway N, St. Helena, CA"
"237","1520 Diamond Mountain Rd, Calistoga, CA"
"238","3266 Silverado Trail, Napa, CA"
"239","4024 Spring Mountain Road, St. Helena, CA"
"240","230 Pickwick Drive, Napa, CA"
"241","4038 Big Ranch Road, Napa, CA"
"242","625 Imperial Way, Napa, CA"
"243","3660 Spring Mountain Road, St. Helena, CA"
"244","7801 St. Helena Highway, Oakville, CA"
"245","6320 Silverado Trail, Napa, CA"
"246","5880 Silverado Trail, Napa, CA"
"247","129 Devlin Road, Napa, CA"
"248","3522 Silverado Trail, St. Helena, CA"
"249","886 Rutherford Road, Rutherford, CA"
"250","500 Oakville Cross Road, Oakville, CA"
"251","2798 Spring Street, St. Helena, CA"
"252","2910 Lower Chiles Road, St. Helena, CA"
"253","1673 Hwy 29, Rutherford, CA"
"254","200 Rutherford Hill Road , Rutherford, CA"
"255","1680 Silverado Trail, St. Helena, CA"
"256","7802 Money Road, Oakville, CA"
"257","1500 Los Carneros Ave, Napa, CA"
"258","397 Main Street, St. Helena, CA"
"259","3194 Redwood Road, Napa, CA"
"260","3549 Langtry Rd, St. Helena, CA"
"261","1400 Schramsberg Road, Calistoga, CA"
"262","4015 Spring Mountain Rd , St. Helena, CA"
"263","1310 Conn Valley Road, St. Helena, CA"
"264","8338 St. Helena Highway, Rutherford, CA"
"265","6154 Silverado Trail, Napa, CA"
"266","1080 Fulton Lane, St. Helena, CA"
"267","4060 Spring Mountain Rd, St. Helena, CA"
"268","4500 Silverado Trail, Napa, CA"
"269","5225 Solano Avenue, Napa, CA"
"270","915 Oakville Crossroad, Oakville, CA"
"271","3105 Silverado Trail, Napa, CA"
"272","6121 Silverado Trail, Napa, CA"
"273","1500 Lokoya Road, Napa, CA"
"274","4022 Spring Mountain Rd, St. Helena, CA"
"275","21902 Madrona Ave, St. Helena, CA"
"276","2805 Spring Mountain Rd, St. Helena, CA"
"277","1601 Action Ave, Napa, CA"
"278","2867 N St. Helena Hwy, St. Helena, CA"
"279","100 Pratt Ave, St. Helena, CA"
"280","8440 St. Helena Highway, Rutherford, CA"
"281","1570 Bella Oaks Lane, Rutherford, CA"
"282","5766 Silverado Trail, Napa, CA"
"283","6150 Silverado Trail, Napa, CA"
"284","1111 Dunaweal Lane, Calistoga, CA"
"285","1004 Clinton Street, Napa, CA"
"286","3331 St. Helena Highway, St. Helena, CA"
"287","3835 Highway 128, Calistoga, CA"
"288","1090 Galleron Road, Rutherford, CA"
"289","1171 Tubbs Lane, Calistoga, CA"
"290","2000 Summit Lake Drive, Angwin, CA"
"291","277 St. Helena Hwy, St. Helena, CA"
"292","1271 Manley Lane, Rutherford, CA"
"293","1020 Foothill Blvd #C, Calistoga, CA"
"294","5991 Silverado Trail, Napa, CA"
"295","4451 St. Helena Highway, Calistoga, CA"
"296","2779 Grant Street, Calistoga, CA"
"297","3787 Spring Mountain Rd, St. Helena, CA"
"298","1450 Silverado Trail, Rutherford, CA"
"299","1/4 mile N of Deer Park Rd, Calistoga, CA"
"300","1212 Pine Street, Calistoga, CA"
"301","1021 McKinstry Street, Napa, CA"
"302","1160 Oak Knoll Ave, Napa, CA"
"303","1620 S. Whitehall Lane, Rutherford, CA"
"304","1859 Hillview Place, St. Helena, CA"
"305","440 Grand Ave, #220, Oakland, CA"
"306","8210 St. Helena Highway, St. Helena, CA"
"307","875 Bordeaux Way, Napa, CA"
"308","3234 Old Sonoma Road, Napa, CA"
"309","1015 Big Tree Road, St. Helena, CA"
"310","1426 Coombsville Road, Napa, CA"
"311","8210 St. Helena Highway, St. Helena, CA"
"312","1183 Dunaweal Lane, Calistoga, CA"
"313","1111 White Lane, St. Helena, CA"
"314","4057 Silverado Trail, Napa, CA"
"315","514 Pratt Ave, St. Helena, CA"
"316","649 Main Streeet, St. Helena, CA"
"317","1255 Lincoln Ave, Calistoga, CA"
"318","1200 Dowdell Lane, St. Helena, CA"
"319","1120 Deer Park Road, Deer Park, CA"
"320","2361 Greenwood Ave, Calistoga, CA"
"321","7400 Silverado Trail, Napa, CA"
"322","2929 St. Helena Highway N, St. Helena, CA"
"323","4028 Spring Mountain Rd., St. Helena, CA"
"324","3080 Lower Chiles Valley, St. Helena, CA"
"325","1520 Diamond Mountain Rd, Calistoga, CA"
"326","3942 Silverado Trail, Calistoga, CA"
"327","1130 Main Street, Napa, CA"
"328","555 College Ave, Angwin, CA"
"329","1115 Loma Vista Dr, Napa, CA"
"330","1563 St. Helena Hwy, St. Helena, CA"
"331","2849 St. Helena Highway N, , CA"
"332","1443 Silverado Trail, St. Helena, CA"
"333","1761 Atlas Peak Road, Napa, CA"
"334","3100 Mt. Veeder Road, Napa, CA"
"335","1405 2nd Street , Napa, CA"
"336","3601 Langtry Road, St. Helena, CA"
"337","1516 Harley Street, Calistoga, CA"
"338","2250 Lake County Hwy, Calistoga, CA"
"339","8383 Silverado Trail, Napa, CA"
"340","1313 Main Street, Napa, CA"
"341","1224 Adams Street, St. Helena, CA"
"342","3000 St. Helena Highway N , St. Helena, CA"
"343","1080 Fulton Lane, St. Helena, CA"
"344","1000 Main Street, Shop 120, Napa, CA"
"345","975 First Street, Napa, CA"
"346","1458 Lincoln Ave #2, Calistoga, CA"
"347","6484 Washington Street, Yountville, CA"
"348","6711 Washington Street, Yountville, CA"
"349","710 First Street, Napa, CA"
"350","540 Main Street, Napa, CA"
"351","1 Executive Way, Napa, CA"
"352","610 First Street, Napa, CA"
"353","1118 Hunt Street, St. Helena, CA"
"354","1331 First Street, Napa, CA"
"355","1321 Main Street, St. Helena, CA"
"356","605 First Street, Napa, CA"
"357","6525 Washington Street, Yountville, CA"
"358","1245 Main St, Napa, CA"
"359","1020 Foothill Blvd #C, Calistoga, CA"
"360","6505 Washington Street, Yountville, CA"
